RecipeName,TranslatedIngredients,PrepTimeInMins,CookTimeInMins,TotalTimeInMins,Servings,Cuisine,Course,Diet,TranslatedInstructions,
Kerala Sadya (Traditional Kerala Feast),"1.Rice – 1 cup
2. Sambar dal – 1 cup
3. Coconut – 1 cup (grated)
4. Tamarind – 1 tbsp
5. Mustard seeds – 1 tsp
6. Curry leaves – 1 sprig
7. Turmeric powder – ½ tsp
8. Red chilies – 2
9. Ginger – 1 inch
10. Garlic – 4 cloves
11. Salt – to taste
12. Coconut oil – 2 tbsp",30 minutes,45 minutes,75 minutes,6,Kerala,Main Course / Festival,Vegetarian,"1. Cook the rice in a rice cooker or pressure  cooker.
2. In a separate pot, cook the sambar dal with turmeric and salt.
3. Prepare the coconut paste by grinding the grated coconut, red chilies, ginger, and garlic.
4. In a pan, heat coconut oil, add mustard seeds, and let them splutter.
5. Add curry leaves and the prepared coconut paste to the pan. Stir well.
6. Add tamarind juice and the cooked sambar dal, and cook for 10 minutes.
7. Serve the curry with hot rice.",
Kerala Avial (Mixed Vegetable Curry),"1. Mixed vegetables (carrot, beans, pumpkin, etc.) – 2 cups
2. Coconut – 1 cup (grated)
3. Green chilies – 3
4. Cumin seeds – 1 tsp
5. Turmeric powder – ½ tsp
6. Yogurt – 1 cup
7. Curry leaves – 1 sprig
8. Coconut oil – 2 tbsp
9. Salt-To taste",20 minutes,30 minutes,50 minutes,4,Kerala,Main Course,Vegetarian,"1. Cook the mixed vegetables in a pot with turmeric and salt.
2. Grind coconut, green chilies, and cumin seeds into a fine paste.
3. Add the coconut paste and yogurt to the cooked vegetables.
4. Simmer the curry for 10 minutes.
5. Heat coconut oil in a pan and add curry leaves.
6. Pour the tempered oil over the curry.
7. Serve hot with rice.",
Kerala Puttu (Steamed Rice Cake),"1. Rice flour – 2 cups
2. Grated coconut – 1 cup
3. Water – as needed
4. Salt – to taste",10 minutes,20 minutes,30 minutes,4,Kerala,Breakfast,Vegetarian,"1. Mix rice flour and salt with water to form a crumbly dough.
2. In a puttu maker, alternate layers of the dough and grated coconut.
3. Steam for about 20 minutes.
4. Serve hot with banana or curry.",
Kerala Fish Curry (Meen Curry),"1. Fish (preferably Kerala varieties) – 500 g
2. Tamarind – 1 tbsp
3. Coconut milk – 1 cup
4. Onion – 1 large (sliced)
5. Ginger – 1 inch
6. Garlic – 4 cloves
7. Red chili powder – 1 tsp
8. Turmeric powder – ½ tsp
9. Mustard seeds – 1 tsp
10. Curry leaves – 1 sprig
11. Coconut oil – 2 tbsp
12. Salt – to taste",15 minutes,25 minutes,40 minutes,4,kerala,Main Course,Non-Vegetarian,"1. Heat coconut oil in a pan, add mustard seeds, and let them splutter.
2. Add onion, ginger, and garlic and sauté until golden.
3. Add turmeric, chili powder, and salt, and cook for a minute.
4. Add tamarind, coconut milk, and water and bring it to a boil.
5. Add fish pieces and cook until the fish is done.
6. Garnish with curry leaves and serve hot.",
Kerala Paratha (Malabar Paratha),"1. All-purpose flour – 2 cups
2. Salt – 1 tsp
3. Sugar – 1 tsp
4. Water – as needed
5. Ghee – 2 tbsp
6. Oil – for frying",15 minutes,15 minutes,30 minutes,4,kerala,Main Course,Vegetarian,"1. Mix flour, salt, and sugar in a bowl.
2. Add water gradually and knead into a smooth dough.
3. Divide the dough into small balls, roll each ball into a thin sheet.
4. Apply ghee on the surface, fold, and roll into a ball again.
5. Roll out the ball again and cook on a hot griddle, flipping to cook both sides.
6. Serve hot with curry or chutney.",
Appam (Kerala Style Rice Pancakes),"1.Rice flour – 2 cups
2.All-purpose flour – 1/2 cup
3.Coconut milk – 1 1/2 cups
4.Yeast – 1 tsp
5.Sugar – 1 tsp
6.Salt – 1/2 tsp
7.Water – as needed
8.Oil – for frying",10 minutes,10 minutes per batch,20 minutes,4,Kerala,Main Course / Breakfast,Vegetarian,"1.Mix rice flour, all-purpose flour, yeast, sugar, and salt in a bowl.
2.Gradually add water and coconut milk to form a smooth batter.
3.Cover the batter and let it rest for 1-2 hours to ferment.
4.Heat a non-stick appam pan or any round shallow pan and pour a ladle of batter.
5.Swirl the pan so that the batter spreads in a circle, leaving the center soft.
6.Cook with the lid on for about 2-3 minutes, until the edges turn crispy.
7.Serve hot with vegetable stew or curry.
",
Kerala Vegetable Stew,"1.Mixed vegetables (carrot, potato, beans) – 2.2 cups
3.Coconut milk – 1 1/2 cups
4.Onion – 1, sliced
5.Green chilies – 2, slit
6.Ginger – 1-inch piece, julienned
7.Cinnamon – 1-inch stick
8.Cloves – 2
9.Cardamom – 2
10.Coconut oil – 1 tbsp
11.Salt – to taste
12.Curry leaves – a few sprigs
",15 minutes,20 minutes,35 minutes,4,Kerala,Side Dish,Vegetarian,"1.Heat coconut oil in a pan and sauté onions, ginger, and spices.
2.Add mixed vegetables and cook for a few minutes.
3.Pour coconut milk and cook until vegetables are tender.
4.Add salt and curry leaves, and simmer for 5-10 minutes.
5.Serve hot with appams or rice.",
Kappa (Tapioca) and Fish Curry,"1. Tapioca (Kappa) – 500g                                   2. Fish (any firm fish) – 300g                               3. Coconut oil – 2 tbsp                                          4. Onion – 1 large, sliced                                     5. Tomato – 1, chopped                                        6. Ginger – 1-inch piece, crushed                    7. Garlic – 3 cloves, crushed                              8. Green chilies – 2, slit                                        9. Turmeric powder – 1/2 tsp                             10. Red chili powder – 1 tsp                             11. Tamarind paste – 1 tbsp                            12. Curry leaves – a few sprigs                        13. Salt – to taste                                                  14. Water – as needed",15 minutes,30 minutes,45 minutes,4,Kerala,Main Course,Non-Vegetarian,"1.Cook the tapioca in water with a pinch of salt until soft. Drain and set aside.
2.In another pan, heat coconut oil and sauté onions, ginger, garlic, and green chilies.
3.Add tomatoes, turmeric powder, and red chili powder and cook until tomatoes are soft.
4.Add fish pieces, curry leaves, tamarind paste, and water. Cook until the fish is tender.
5.Serve the fish curry with hot, soft kappa.",
 Puttu and Kadala Curry,"1.Rice flour – 2 cups
2.Grated coconut – 1/2 cup
3.Water – as needed
4.Salt – 1/2 tsp
5.Black chickpeas (Kadala) – 1 cup
6.Onion – 1, sliced
7.Tomato – 1, chopped
8.Green chilies – 2, slit
9.Ginger – 1-inch piece, chopped
10.Coconut oil – 2 tbsp
11.Turmeric powder – 1/2 tsp
12.Garam masala – 1 tsp
13.Curry leaves – a few sprigs
14.Salt – to taste",15 minutes,30 minutes,45 minutes,4,Kerala,Breakfast,Vegetarian,"1.For the puttu, mix rice flour, grated coconut, and salt in a bowl.               2.Gradually add water to form a crumbly mixture.
3.Fill a puttu maker with the mixture and steam for 10-15 minutes.
4.For the Kadala curry, cook the black chickpeas until tender.
5.Heat coconut oil in a pan, sauté onions, ginger, green chilies, and tomatoes.
6.Add turmeric powder, garam masala, and cooked chickpeas, simmering for 10 minutes.
7.Serve the Kadala curry with the steamed Puttu.",
Kerala Chicken Fry,"1.Chicken – 500g, cut into pieces
2.Ginger – 1-inch piece, chopped
3.Garlic – 5 cloves, chopped
4.Onion – 1, sliced
5.Green chilies – 3, slit
6.Curry leaves – a few sprigs
7.Red chili powder – 1 tsp
8.Turmeric powder – 1/2 tsp
9.Coriander powder – 1 tsp
10.Fennel seeds – 1/2 tsp
11.Coconut oil – 3 tbsp
12.Salt – to taste",10 minutes,25 minutes,35 minutes,4,Kerala,Main Course,Non-Vegetarian,"1.Marinate chicken with red chili powder, turmeric, and salt for 15 minutes.
2.Heat coconut oil in a pan and sauté onions, garlic, ginger, green chilies, and fennel seeds.
3.Add marinated chicken and cook until browned.
4.Add curry leaves, coriander powder, and simmer until the chicken is cooked through.
5.Serve hot with rice or paratha.",
Kerala Pradhaman (Payasam),"Jaggery – 200g
Coconut milk – 2 cups
Moong dal (yellow lentils) – 1/4 cup
Ghee – 1 tbsp
Cashews – 10, chopped
Raisins – 10
Cardamom powder – 1/2 tsp
Water – 1 cup",10 minutes,20 minutes,30 minutes,4,Kerala,Dessert,Vegetarian,"Cook moong dal in water until soft.
In a separate pan, melt jaggery in water and strain to remove impurities.
Add the jaggery syrup to the cooked dal and simmer for 5 minutes.
Add coconut milk and simmer until thickened.
Heat ghee in a small pan, fry cashews and raisins, and add them to the payasam.
Sprinkle cardamom powder and serve hot.",
Kerala Egg Curry,"Eggs – 4, hard boiled
Onion – 1, sliced
Tomato – 1, chopped
Green chilies – 2, slit
Ginger – 1-inch piece, chopped
Garlic – 3 cloves, crushed
Coconut milk – 1/2 cup
Turmeric powder – 1/2 tsp
Red chili powder – 1 tsp
Coriander powder – 1 tsp
Curry leaves – a few sprigs
Coconut oil – 2 tbsp
Salt – to taste",10 minutes,20 minutes,30 minutes,4,Kerala,Main Course,Non-Vegetarian,"Heat coconut oil in a pan and sauté onions, ginger, garlic, and green chilies.
Add tomatoes, turmeric, red chili powder, and coriander powder, and cook until soft.
Add coconut milk and curry leaves. Simmer for a few minutes.
Add the hard-boiled eggs and cook for 5 minutes, letting the flavors meld.
Serve with rice or appams.",
 Kallappam (Kerala Rice Pancake),"Rice – 1 1/2 cups
Urad dal – 1/4 cup
Coconut milk – 1/2 cup
Yeast – 1 tsp
Salt – 1/2 tsp
Water – as needed
Coconut oil – for frying",10 minutes,20 minutes,30 minutes,4,Kerala,Breakfast,Vegetarian,"Soak rice and urad dal for 4-5 hours.
Grind soaked ingredients into a smooth batter, adding water as needed.
Mix yeast and salt into the batter and let it ferment for 2-3 hours.
Heat a non-stick pan, pour a ladle of batter, and spread it in a circle.
Cook with the lid on until the edges are golden and crispy.
Serve hot with vegetable stew or curry.",
Kerala Malabar Chicken Biryani,"Chicken – 500g
Basmati rice – 2 cups
Onion – 2, sliced
Tomato – 1, chopped
Yogurt – 1/2 cup
Ginger – 1-inch piece, chopped
Garlic – 4 cloves, crushed
Green chilies – 3, slit
Cinnamon – 1 stick
Cloves – 4
Cardamom – 4
Garam masala – 1 tsp
Biryani masala – 1 tbsp
Coconut oil – 3 tbsp
Salt – to taste
Water – as needed",20 minutes,40 miutes,60 minutes,4,Kerala,Main Course,Non-Vegetarian,"Marinate chicken with yogurt, ginger, garlic, green chilies, and spices for 30 minutes.
Fry onions in coconut oil until golden and set aside.
Cook rice with spices (cinnamon, cardamom, cloves) until half done.
Cook marinated chicken in a pan, add tomatoes, and simmer.
Layer the rice and chicken, and cook in dum for 15-20 minutes.
Serve hot with raita or pickle.",
 Kerala Banana Chips,"Raw bananas – 2
Coconut oil – for frying
Salt – 1 tsp
Turmeric powder – 1/2 tsp",10 minutes,10 minutes ,20 minutes,1,Kerala,Snack,Vegetarian,"Peel the raw bananas and slice them thinly using a slicer.
Heat coconut oil in a pan and fry the banana slices in batches until crispy.
Drain excess oil and sprinkle salt and turmeric powder.
Serve as a crispy snack or side dish.
",
Kerala Fish Moilee,"Fish (kingfish or any firm fish) – 500g
Coconut milk – 1 1/2 cups
Onion – 1, sliced
Tomato – 1, chopped
Green chilies – 2, slit
Ginger – 1-inch piece, sliced
Garlic – 3 cloves, crushed
Turmeric powder – 1/2 tsp
Coriander powder – 1 tsp
Mustard seeds – 1 tsp
Curry leaves – a few sprigs
Coconut oil – 2 tbsp
Salt – to taste
Water – as needed",10 minutes,20 minutes,30 minutes,4,Kerala,Main Course,Non-Vegetarian,"Heat coconut oil in a pan, and sauté mustard seeds, onions, ginger, garlic, and green chilies.
Add chopped tomatoes, turmeric powder, and coriander powder. Cook until soft.
Add fish pieces and enough water to cover the fish. Simmer for 10-15 minutes.
Add coconut milk and curry leaves, and cook for another 5 minutes.
Serve hot with rice or appams.",
Kootu Curry,"Mixed vegetables (carrot, beans, pumpkin, etc.) – 2 cups
Moong dal – 1/2 cup
Grated coconut – 1/2 cup
Cumin seeds – 1/2 tsp
Green chilies – 2
Coconut oil – 2 tbsp
Mustard seeds – 1 tsp
Dry red chilies – 2
Curry leaves – a few sprigs
Salt – to taste",15 minutes,20 minutes,35 minutes,4,Kerala,Side Dish,Vegetarian,"Cook moong dal and vegetables until soft.
Grind grated coconut, cumin seeds, and green chilies into a smooth paste.
Add the ground coconut paste to the cooked vegetables and simmer for 5-10 minutes.
Heat coconut oil in a pan, temper mustard seeds, dry red chilies, and curry leaves, and pour over the curry.
Serve hot with rice.
",
 Kerala Prawn Curry,"Prawns – 500g
Coconut oil – 2 tbsp
Onion – 1, sliced
Tomato – 1, chopped
Ginger – 1-inch piece, chopped
Garlic – 3 cloves, crushed
Green chilies – 2, slit
Curry leaves – a few sprigs
Coconut milk – 1/2 cup
Turmeric powder – 1/2 tsp
Red chili powder – 1 tsp
Coriander powder – 1 tsp
Salt – to taste
Water – as needed",10 minutes,25 minutes,35 minutes,4,Kerala,Main Course,Non-Vegetarian,"Heat coconut oil and sauté onions, ginger, garlic, green chilies, and curry leaves.
Add chopped tomatoes, turmeric powder, red chili powder, and coriander powder. Cook until soft.
Add prawns and cook for 5 minutes.
Add coconut milk, water, and salt, and simmer until the prawns are cooked.
Serve hot with rice or parotta.",
 Kerala Beef Fry,"Beef – 500g, cut into small pieces
Onion – 2, sliced
Green chilies – 3, slit
Ginger – 1-inch piece, chopped
Garlic – 4 cloves, chopped
Curry leaves – a few sprigs
Turmeric powder – 1/2 tsp
Red chili powder – 1 tsp
Coriander powder – 1 tsp
Garam masala – 1 tsp
Coconut oil – 3 tbsp
Salt – to taste",15 minutes,45 minutes,60 minutes,4,Kerala,Main Course,Non-Vegetarian,"Marinate beef with turmeric powder, red chili powder, coriander powder, and salt for 30 minutes.
Heat coconut oil in a pan, sauté onions, ginger, garlic, green chilies, and curry leaves.
Add marinated beef and cook on medium heat until the beef is tender and browned.
Add garam masala and cook for another 5-10 minutes.
Serve hot with rice or parotta.",
Kerala Sambar,"Toor dal – 1 cup
Mixed vegetables (carrot, pumpkin, beans) – 2 cups
Tamarind – 1 small ball
Onion – 1, sliced
Tomato – 1, chopped
Sambar powder – 1 tbsp
Mustard seeds – 1 tsp
Curry leaves – a few sprigs
Coconut oil – 2 tbsp
Salt – to taste
Water – as needed",15 minutes,30 minutes,45 minutes,4,Kerala,Side Dish,Vegetarian,"Cook toor dal and vegetables in water until soft.
Soak tamarind in water and extract the juice.
Heat coconut oil, sauté onions and tomatoes, and add tamarind juice and sambar powder.
Add cooked dal and vegetables, and simmer for 10 minutes.
Serve with rice or dosa.",
Kerala Chutney,"Coconut – 1/2 cup, grated
Green chilies – 2
Ginger – 1-inch piece
Tamarind – 1 small ball
Salt – to taste
Mustard seeds – 1/2 tsp
Curry leaves – a few sprigs
Coconut oil – 1 tbsp",10 minutes,5 minutes,15 minutes,4,Kerala,Side Dish,Vegetarian,"Grind coconut, green chilies, ginger, and tamarind into a smooth paste.
Heat coconut oil in a pan, temper mustard seeds, and curry leaves.
Add the ground paste to the pan and cook for 5 minutes.
Serve as a side dish with dosa or idli.
",
 Kerala Avial,"Mixed vegetables (carrot, beans, potato, drumstick, etc.) – 2 cups
Curd – 1/2 cup
Grated coconut – 1/2 cup
Green chilies – 2
Cumin seeds – 1/2 tsp
Coconut oil – 2 tbsp
Curry leaves – a few sprigs
Salt – to taste",15 minutes,20 minutes,35 minutes,4,Kerala,Side Dish,Vegetarian,"Cook the vegetables in water with salt until soft.
Grind coconut, green chilies, and cumin seeds into a smooth paste.
Add the coconut paste to the cooked vegetables and simmer.
Add curd and coconut oil, mix well, and cook for another 5 minutes.
Serve hot with rice.",
Thoran (Stir-fried Vegetable),"Cabbage (finely chopped) – 2 cups
Grated coconut – ½ cup
Mustard seeds – 1 tsp
Green chilies – 2, chopped
Curry leaves – a few sprigs
Turmeric powder – ½ tsp
Salt – to taste
Coconut oil – 2 tbsp",10 minutes,15 minutes,25 minutesw,4,Kerala,Side Dish,Vegetarian,"Heat coconut oil in a pan, add mustard seeds, and let them splutter.
Add green chilies and curry leaves.
Add cabbage, turmeric, and salt; stir-fry for 5 minutes.
Mix in grated coconut and cook for another 5 minutes.
Serve hot as a side dish with rice.",
Erissery (Pumpkin and Lentil Curry),"Pumpkin (diced) – 2 cups
Black-eyed peas – 1 cup (cooked)
Grated coconut – 1 cup
Cumin seeds – 1 tsp
Dried red chilies – 2
Turmeric powder – ½ tsp
Curry leaves – a few sprigs
Mustard seeds – 1 tsp
Coconut oil – 2 tbsp
Salt – to taste",20 minutes,30 minutes,50 minutes,4,Kerala,Main Course,Vegetarian,"Cook pumpkin and black-eyed peas with turmeric and salt.
Grind grated coconut and cumin into a smooth paste.
Add the coconut paste to the cooked vegetables and simmer for 5 minutes.
In a separate pan, heat coconut oil, splutter mustard seeds, and add dried red chilies and curry leaves.
Pour this tempering over the curry and serve hot with rice.",
Kalan (Yam and Banana Curry),"Raw banana (chopped) – 1 cup
Yam (chopped) – 1 cup
Curd – 1 cup
Grated coconut – 1 cup
Cumin seeds – 1 tsp
Black pepper – ½ tsp
Turmeric powder – ½ tsp
Mustard seeds – 1 tsp
Curry leaves – a few sprigs
Dried red chilies – 2
Coconut oil – 2 tbsp
Salt – to taste",15 minutes,20 minutes,35 minutes,4,Kerala,Main Course,Vegetarian,"Cook yam and banana with turmeric, pepper, and salt until soft.
Grind grated coconut, cumin, and pepper into a smooth paste.
Add the paste to the cooked vegetables and simmer.
Stir in curd and cook briefly without boiling.
Temper with mustard seeds, dried red chilies, and curry leaves in coconut oil.
Serve hot with steamed rice.
",
Idiyappam (String Hoppers),"Rice flour – 2 cups
Salt – 1 tsp
Hot water – as needed
Grated coconut – ½ cup",15 minutes,15 minutes,30 minutes,4,Kerala,Breakfast,Vegetarian,"Mix rice flour with salt and pour in hot water gradually to form a smooth dough.
Fill the dough in an idiyappam press and press onto idli plates.
Sprinkle grated coconut over the pressed dough.
Steam for 10–12 minutes.
Serve hot with coconut milk or curry.
",
Pathiri (Rice Flatbread),"Rice flour – 2 cups
Water – 2 cups
Salt – 1 tsp
Oil – 1 tbsp",15 minutes,15 minutes,30 minutes,4,Kerala,Main Course,Vegetarian,"Boil water with salt and oil.
Add rice flour gradually, stirring continuously.
Cover and let it cool slightly.
Knead the dough until smooth.
Roll out into thin discs and cook on a hot griddle.
Serve hot with curry or stew.",
Meen Pollichathu (Fish in Banana Leaf),"Fish fillets – 4 pieces
Shallots (finely chopped) – 1 cup
Ginger-garlic paste – 1 tbsp
Turmeric powder – ½ tsp
Red chili powder – 1 tsp
Black pepper – ½ tsp
Coconut oil – 2 tbsp
Curry leaves – a few sprigs
Banana leaves – for wrapping",20 minutes,20 minutes,40 minutes,4,Kerala,Main Course,Non-Vegetarian,"Marinate fish fillets with turmeric, chili powder, salt, and pepper.
Heat oil, sauté shallots, ginger-garlic paste, and curry leaves until golden.
Place fish on banana leaves, add sautéed mixture on top.
Wrap the fish tightly and cook on a griddle for 10 minutes on each side.
Serve hot with rice or appam.",
Pazham Pori (Banana Fritters),"Ripe banana (Nendran) – 2, sliced
All-purpose flour – 1 cup
Sugar – 2 tbsp
Turmeric powder – ¼ tsp
Salt – a pinch
Water – as needed
Oil – for frying",10 minutes,15 minutes,25 minutes,1,Kerala,Snack,Vegetarian,"Mix flour, sugar, turmeric, and salt with water to form a thick batter.
Dip banana slices in the batter and deep fry until golden.
Serve hot with tea.",
Parippu Vada (Lentil Fritters),"Chana dal – 1 cup (soaked)
Onion (finely chopped) – ½ cup
Green chilies – 2, chopped
Ginger – 1 tsp, chopped
Curry leaves – a few sprigs
Salt – to taste
Oil – for frying",15 minutes,20 minutes,35 minutes,4,Kerala,Snack,Vegetarian,"Grind soaked chana dal coarsely.
Mix with onion, chilies, ginger, curry leaves, and salt.
Shape into patties and deep fry until crisp.
Serve hot with coconut chutney.",
Uzhunnu Vada (Medu Vada),"Urad dal – 1 cup (soaked)
Onion (finely chopped) – ½ cup
Green chilies – 2, chopped
Curry leaves – a few sprigs
Black pepper – ½ tsp
Salt – to taste
Oil – for frying",15 minutes,20 minutes,35 minutes,1,Kerala,Snack,Vegetarian,"Grind urad dal into a smooth paste.
Mix with onion, chilies, curry leaves, pepper, and salt.
Shape into doughnut-like circles and deep fry.
Serve hot with sambar or chutney.",
Kozhukatta (Sweet Rice Dumplings),"Rice flour – 2 cups
Grated coconut – 1 cup
Jaggery – ½ cup (melted)
Cardamom powder – ½ tsp
Water – as needed
Salt – a pinch",15 minutes,20 minutes,35 minutes,4,Kerala,Snack,Vegetarian,"Boil water with salt and add rice flour to form a dough.
Mix grated coconut, jaggery, and cardamom for the filling.
Shape dough into balls, fill with coconut-jaggery mix, and steam for 15 minutes.",
Achappam (Rose Cookies),"Rice flour – 1 cup
Coconut milk – ½ cup
Sugar – ½ cup
Eggs – 2
Sesame seeds – 1 tsp
Oil – for deep frying",15 minutes,20 minutes,35 minutes,4,Kerala,Snack,Vegetarian,"Mix rice flour, coconut milk, sugar, and eggs to form a batter.
Heat oil, dip the achappam mold in oil, then batter, and fry until crisp.",
Kappa Vevichathu (Mashed Tapioca),"Tapioca – 500g
Grated coconut – ½ cup
Garlic – 2 cloves
Green chilies – 2
Turmeric powder – ½ tsp
Salt – to taste
Coconut oil – 2 tbsp",15 minutes,20 minutes,35 minutes,4,Kerala,Snack,Vegetarian,"Cook tapioca with turmeric and salt.
Grind coconut, garlic, and chilies into a paste.
Mix with cooked tapioca and drizzle with coconut oil.",
Unniyappam,"Rice flour – 1 cup
Jaggery – ½ cup (melted)
Banana – 1, mashed
Cardamom powder – ½ tsp
Ghee – for frying",15 minutes,20 minutes,35 minutes,4,Kerala,Snack,Vegetarian,"Mix rice flour, jaggery, banana, and cardamom into a thick batter.
Fry in an appam pan with ghee until golden brown.
",
Chakka Varatti (Jackfruit Halwa),"Ripe jackfruit – 2 cups
Jaggery – 1 cup
Ghee – 2 tbsp
Cardamom powder – ½ tsp",20 minutes,30 minutes,50 minutes,4,Kerala,Snack,Vegetarian,"Cook jackfruit until soft and mash it.
Add jaggery syrup and stir continuously.
Stir in ghee and cardamom until thick.
",
Thenga Chammanthi (Coconut Chutney),"Grated coconut – 1 cup
Green chilies – 2
Shallots – 3, chopped
Tamarind – 1 tsp
Salt – to taste",10 minutes,5 minutes,15 minutes,4,Kerala,Snack,Vegetarian,"Blend grated coconut, green chilies, shallots, tamarind, and salt into a coarse paste.
Serve with rice or dosa.",
Palada Payasam (Rice Pudding with Milk),"Rice ada – ½ cup
Milk – 1 liter
Sugar – ¾ cup
Cardamom powder – ½ tsp
Ghee – 1 tbsp",10 minutes,45 minutes,55 minutes,4,Kerala,Dessert,Vegetarian,"Cook ada in boiling water, then drain.
Boil milk and add cooked ada.
Stir in sugar and cardamom, simmer until thickened.
",
Aval Vilayichathu (Sweetened Poha),"Flattened rice (aval) – 2 cups
Jaggery syrup – 1 cup
Grated coconut – ½ cup
Cardamom powder – ½ tsp
Ghee – 2 tbsp",10 minutes,15 minutes,25 minutes,4,Kerala,Dessert,Vegetarian,"Heat jaggery syrup in a pan.
Add aval and grated coconut.
Stir well and cook until dry.",
Neyyappam (Sweet Rice Pancakes),"Rice flour – 1 cup
Jaggery – ½ cup (melted)
Banana – 1, mashed
Cardamom powder – ½ tsp
Ghee – for frying",15 minutes,20 minutes,35 minutes,4,Kerala,Dessert,Vegetarian,"Mix rice flour, melted jaggery, banana, and cardamom into a thick batter.
Fry in ghee until golden.",
Churuttu (Crispy Rolled Sweet),"Maida (all-purpose flour) – 1 cup
Sugar – ½ cup
Cardamom powder – ½ tsp
Ghee – for deep frying",15 minutes,20 minutes,35 minutes,4,Kerala,Dessert,Vegetarian,"Roll maida dough into thin sheets.
Sprinkle sugar and cardamom powder.
Roll tightly and deep fry in ghee.",
Kinnathappam (Rice Cake),"Rice flour – 1 cup
Coconut milk – 1 cup
Jaggery syrup – ½ cup
Cardamom powder – ½ tsp",15 minutes,35 minutes,50 minutes,4,Kerala,Dessert,Vegetarian,"Mix rice flour, coconut milk, and jaggery syrup.
Steam for 20 minutes until firm.",
Mutta Maala (Egg Garland Dessert),"Eggs – 4 (yolks only)
Sugar – 1 cup
Water – 1 cup",10 minutes,15 minutes,25 minutes,4,Kerala,Dessert,Vegetarian,"Beat egg yolks until smooth.
Boil sugar syrup.
Drop the yolks through a fine sieve into the syrup to form garlands.",
Theeyal (Spicy Coconut Curry),"Shallots – 1 cup
Grated coconut – 1 cup
Tamarind extract – ½ cup
Red chili powder – 1 tsp
Coriander powder – 1 tbsp
Coconut oil – 2 tbsp",15 minutes,25 minutes,40 minutes,4,Kerala,Main Course,Vegetarian,"Roast coconut until dark brown, then grind into a paste.
Cook shallots with tamarind extract and spices.
Add the coconut paste and simmer.",
Kalan (Yogurt Curry with Plantain),"Raw plantain – 2, diced
Yogurt – 1 cup
Grated coconut – ½ cup
Green chilies – 3
Turmeric powder – ½ tsp
Coconut oil – 2 tbsp",15 minutes,25 minutes,40 minutes,4,Kerala,Main Course,Vegetarian,"Cook plantain with turmeric and salt.
Blend coconut and green chilies into a paste and mix in.
Stir in yogurt and drizzle with coconut oil.
",
Pulissery (Moru Curry/Buttermilk Curry),"Yogurt – 1 cup
Grated coconut – ½ cup
Turmeric powder – ½ tsp
Green chilies – 3
Coconut oil – 2 tbsp
Curry leaves – a few sprigs",10 minutes,15 minutes,25 minutes,4,Kerala,Main Course,Vegetarian,"Blend coconut, green chilies, and turmeric into a paste.
Cook with yogurt on low flame.
Add coconut oil and curry leaves.
",
 Prawns Roast (Chemmeen Roast),"Prawns – 500g
Onion – 2, sliced
Tomato – 1, chopped
Red chili powder – 1 tsp
Turmeric powder – ½ tsp
Coconut oil – 2 tbsp",15 minutes,20 minutes,35 minutes,4,Kerala,Main Course,Non-Vegetarian,"Marinate prawns with turmeric and salt.
Sauté onions and tomatoes in coconut oil.
Add prawns and cook until roasted.
",
Nadan Chicken Curry,"Chicken – 500g
Onion – 2, sliced
Tomato – 2, chopped
Ginger-garlic paste – 1 tbsp
Coconut milk – 1 cup
Coconut oil – 2 tbsp",20 minutes,30 minutes,50 minutes,4,Kerala,Main Course,Non-Vegetarian,"Sauté onions, tomatoes, and ginger-garlic paste.
Add chicken and cook with spices.
Stir in coconut milk and simmer.",
Thalassery Biryani,"Basmati rice – 2 cups
Chicken – 500g
Onions – 2, sliced
Tomatoes – 2, chopped
Garam masala – 1 tbsp
Ghee – 2 tbsp",20 minutes,30 minutes,50 minutes,4,kerala,Main Course,Non-Vegetarian,"Soak basmati rice for 20 minutes, cook until 80% done, and set aside.
Sauté onions in ghee, add tomatoes, garam masala, and chicken; cook until tender.
In a pot, layer half the rice, followed by chicken masala, then the remaining rice.
Drizzle ghee, garnish with fried onions, coriander, and mint; cook covered on low heat for 10-15 minutes.
Fluff the layers gently and serve hot with raita and pickle.",
Nadan Mutton Curry,"Mutton – 500g
Onion – 2, sliced
Tomato – 2, chopped
Ginger-garlic paste – 1 tbsp
Garam masala – 1 tsp
Coconut oil – 2 tbsp",20 minutes,40 minutes,60 minutes,4,kerala,Main Course,Non-Vegetarian,"Sauté onions and tomatoes in coconut oil.
Add ginger-garlic paste and garam masala, then add mutton.
Cook until mutton is tender and gravy is thick.",
Thoran (Cabbage Thoran),"Cabbage – 2 cups, shredded
Grated coconut – ½ cup
Green chilies – 3
Mustard seeds – 1 tsp
Curry leaves – a few sprigs
Coconut oil – 2 tbsp",10 minutes,15 minutes,25 minutes,4,kerala,Main Course,Vegetarian,"Sauté mustard seeds and curry leaves in coconut oil.
Add shredded cabbage and cook until tender.
Stir in grated coconut and green chilies.",
 Chana Masala (Kerala Style),"Chickpeas – 1 cup
Onion – 2, chopped
Tomato – 1, chopped
Ginger-garlic paste – 1 tbsp
Garam masala – 1 tsp
Coconut oil – 2 tbsp",15 minutes,25 minutes,40 minutes,4,Kerala,Main Course,Vegetarian,"Soak and cook chickpeas.
Sauté onions and tomatoes in coconut oil with spices.
Add cooked chickpeas, and simmer until the curry thickens.",
 Parippu Curry (Dal Curry),"Yellow moong dal – 1 cup
Onion – 1, chopped
Tomato – 1, chopped
Coconut milk – ½ cup
Turmeric powder – ½ tsp
Coconut oil – 1 tbsp",10 minutes,20 minutes,30 minutes,4,kerala,Main Course,Vegetarian,"Cook moong dal with turmeric until soft.
Sauté onions and tomatoes in coconut oil.
Add cooked dal and coconut milk, cook for a few minutes.
",
Olan,"Ash gourd – 2 cups, cubed
Black-eyed peas – ½ cup
Coconut milk – 1 cup
Green chilies – 2
Curry leaves – a few sprigs
Coconut oil – 1 tbsp",10 minutes,20 minutes,30 minutes,4,kerala,Main Course,Vegetarian,"Cook ash gourd and black-eyed peas until tender.
Add coconut milk, green chilies, and curry leaves.
Cook for a few minutes and drizzle with coconut oil.",
Dosa,"Rice – 1 cup
Urad dal (split black gram) – ½ cup
Fenugreek seeds – 1 tsp
Salt – to taste
Oil – for frying",10 minutes,15 minutes,25 minutes,4,kerala,Breakfast,Vegetarian,"Soak rice, urad dal, and fenugreek overnight.
Grind into a smooth batter and let it ferment for 8 hours.
Fry thin dosas on a hot griddle with oil, and serve with chutney.
",
 Kallappam,"Rice flour – 2 cups
Coconut milk – 1 cup
Yeast – 1 tsp
Salt – to taste",15 minutes,10 minutes,25 minutes,4,kerala,Breakfast,Vegetarian,"Mix rice flour, coconut milk, yeast, and salt to form a batter.
Let it ferment for 2-3 hours.
Pour the batter into a pan and cook until the edges turn crispy.
",
Vada,"Urad dal (split black gram) – 1 cup
Onion – 1, finely chopped
Green chilies – 2, chopped
Ginger – 1 inch, chopped
Curry leaves – a few sprigs
Oil – for frying",15 minutes,15 minutes,30 minutes,4,kerala,Breakfast,Vegetarian,"Soak urad dal for 4-6 hours, then grind into a coarse paste.
Mix with chopped onion, chilies, ginger, and curry leaves.
Shape into doughnuts and deep fry until golden brown.
",
Unniyappam,"Rice flour – 1 cup
Jaggery – ½ cup
Banana – 1, mashed
Cardamom powder – ½ tsp
Ghee – 2 tbsp
Oil – for frying",15 minutes,10 minutes,25 minutes,4,kerala,Breakfast,Vegetarian,"Melt jaggery and mix with mashed banana, rice flour, and cardamom powder.
Heat oil and ghee in a unniyappam pan.
Pour batter into molds and cook until golden brown.",
 Muttamala,"Eggs – 3
Sugar – ½ cup
Water – 1 cup
Cardamom powder – ½ tsp
Ghee – 1 tbsp",10 minutes,15 minutes,25 minutes,4,kerala,Breakfast,Vegetarian,"Whisk eggs and sugar in a bowl.
Boil water, then pour in the egg-sugar mixture and cook until it forms threads.
Garnish with cardamom and ghee.
",
 Kalanada (Kerala Style Porridge),"Rice – 1 cup
Water – 4 cups
Coconut milk – 1 cup
Jaggery – ½ cup
Cardamom powder – ½ tsp",10 minutes,15 minutes,25 minutes,4,kerala,Breakfast,Vegetarian,"Cook rice with water until soft.
Add jaggery and cook until it dissolves.
Stir in coconut milk and cardamom, simmer for a few minutes.",
Semiya Upma (Vermicelli Upma),"Semiya (vermicelli) – 1 cup
Onion – 1, chopped
Green chilies – 2, chopped
Mustard seeds – ½ tsp
Coconut oil – 1 tbsp
Curry leaves – a few sprigs",10 minutes,10 minutes,20 minutes,4,kerala,Breakfast,Vegetarian,"Roast the semiya in a dry pan and set aside.
Sauté mustard seeds, onions, and green chilies in coconut oil.
Add water, salt, and roasted semiya, cook until soft, and garnish with curry leaves.",
Pesarattu (Green Gram Pancake),"Green gram (moong dal) – 1 cup
Ginger – 1-inch piece
Green chilies – 2
Salt – to taste
Oil – for frying",15 minutes,10 minutes,25 minutes,4,Kerala,Breakfast,Vegetarian,"Soak green gram for 4-6 hours, then grind with ginger and green chilies into a smooth batter.
Heat a pan, pour the batter, and spread it into a thin pancake.
Cook until both sides are crispy and serve with chutney.
",
Coconut Rice,"Rice – 1 cup
Grated coconut – ½ cup
Mustard seeds – ½ tsp
Green chilies – 2, chopped
Curry leaves – a few sprigs
Oil – 1 tbsp",10 minutes,15 minutes,25 minutes,4,Kerala,Breakfast,Vegetarian,"Cook rice and set aside.
Sauté mustard seeds, green chilies, and curry leaves in oil.
Stir in grated coconut and cooked rice, mix well, and serve hot.
",
 Egg Biryani,"Basmati rice – 2 cups
Eggs – 4, boiled
Onion – 1, sliced
Tomatoes – 2, chopped
Garam masala – 1 tsp
Ghee – 2 tbsp
Salt – to taste",15 minutes,25 minutes,45 minutes,4,Kerala,Main Course,Non-Vegetarian,"Cook basmati rice and set aside.
Sauté onions and tomatoes with garam masala in ghee.
Add boiled eggs, cook for a few minutes, and mix with rice.
Serve hot with raita or salad.",
 Tomato Rice,"Rice – 2 cups
Tomatoes – 2, chopped
Onion – 1, chopped
Green chilies – 2, slit
Curry leaves – a few sprigs
Turmeric powder – ½ tsp
Oil – 1 tbsp
Salt – to taste",10 minutes,15 minutes,25 minutes,4,Kerala,Main Course,Non-Vegetarian,"Cook rice and set aside.
Sauté onions, green chilies, and curry leaves in oil.
Add tomatoes and turmeric powder, cook until soft.
Mix the cooked rice with the tomato mixture and serve hot.",
 Lemon Rice,"Rice – 2 cups
Lemon – 1, juiced
Mustard seeds – ½ tsp
Green chilies – 2, chopped
Turmeric powder – ½ tsp
Curry leaves – a few sprigs
Oil – 1 tbsp
Salt – to taste",10 minutes,10 minutes,20 minutes,4,Kerala,Main Course,Vegetarian,"Cook rice and set aside.
Heat oil, sauté mustard seeds, green chilies, and curry leaves.
Add turmeric powder and mix with cooked rice.
Stir in lemon juice and salt, and serve hot.",
 Fried Rice (Kerala Style),"Cooked rice – 2 cups
Carrot – 1, finely chopped
Beans – 1 cup, chopped
Onion – 1, chopped
Soy sauce – 1 tbsp
Oil – 2 tbsp
Salt – to taste",10 minutes,15 minutes,25 minutes,4,Kerala,Main Course,Vegetarian,"Sauté onions, carrot, and beans in oil.
Add soy sauce and cooked rice, stir-fry for a few minutes.
Add salt and serve hot.
",
 Tamarind Rice (Puliyodarai),"Rice – 2 cups
Tamarind paste – 2 tbsp
Red chilies – 2, chopped
Turmeric powder – ½ tsp
Mustard seeds – ½ tsp
Curry leaves – a few sprigs
Oil – 1 tbsp
Salt – to taste",10 minutes,10 minutes,20 minutes,4,Kerala,Main Course,Vegetarian,"Cook rice and set aside.
Heat oil, sauté mustard seeds, red chilies, and curry leaves.
Add tamarind paste, turmeric, and salt, cook for a few minutes.
Mix with rice and serve hot.
",
Curd Rice,"Rice – 2 cups
Yogurt (curd) – 1 cup
Mustard seeds – ½ tsp
Green chilies – 2, chopped
Curry leaves – a few sprigs
Ginger – 1-inch piece, chopped
Oil – 1 tbsp
Salt – to taste",10 minutes,10 minutes,20 minutes,4,kerala,Main Course,Vegetarian,"Cook rice and set aside to cool.
Heat oil, sauté mustard seeds, chilies, ginger, and curry leaves.
Mix with rice, add yogurt and salt, and serve chilled or at room temperature.
",
Mushroom Rice,"Rice – 2 cups
Mushrooms – 1 cup, sliced
Onion – 1, sliced
Green chilies – 2, chopped
Garam masala – 1 tsp
Oil – 1 tbsp
Salt – to taste",10 minutes,15 minutes,25 minutesw,4,kerala,Main Course,Vegetarian,"Sauté onions and green chilies in oil.
Add sliced mushrooms and garam masala, cook until soft.
Mix with cooked rice and serve hot.
",
Veg Burger (Kerala Style),"Burger buns – 4
Potato – 2, boiled and mashed
Onion – 1, finely chopped
Green chilies – 2, chopped
Ginger – 1-inch piece, chopped
Curry leaves – a few sprigs
Salt – to taste
Oil – for frying
Lettuce – a few leaves
Tomato – 1, sliced",10 minutes,15 minutes,25 minutes,4,kerala,Snack,Vegetarian,"Sauté onions, green chilies, and ginger in oil.
Mix the sautéed ingredients with mashed potatoes and salt.
Shape the mixture into patties and fry until golden.
Place patties in burger buns with lettuce, tomato, and serve hot.",
 Vegetable Pattice,"Potatoes – 3, boiled and mashed
Carrot – 1, grated
Green peas – ½ cup
Onion – 1, finely chopped
Ginger – 1-inch piece, chopped
Curry leaves – a few sprigs
Salt – to taste
Oil – for frying",10 minutes,15 minutes,25 minutes,4,kerala,Snack,Vegetarian,"Sauté onions, ginger, and curry leaves in oil.
Add grated carrots, peas, and mashed potatoes, and cook for a few minutes.
Shape the mixture into small patties and shallow fry until golden.
Serve hot with ketchup or chutney.
",
 Kerala Samosa,"All-purpose flour – 1 cup
Potato – 2, boiled and mashed
Onion – 1, chopped
Green chilies – 2, chopped
Ginger – 1-inch piece, chopped
Fennel seeds – ½ tsp
Turmeric powder – ½ tsp
Salt – to taste
Oil – for frying",10 minutes,15 minutes,25 minutes,4,kerala,Snack,Vegetarian,"Prepare dough by mixing all-purpose flour and salt with water.
Sauté onions, green chilies, ginger, and fennel seeds. Add turmeric and boiled potatoes.
Shape the dough into cones, stuff with the filling, and seal.
Deep fry until golden and serve hot.",
Prawn Cutlet,"Prawns – 200g, cleaned and chopped
Potato – 2, boiled and mashed
Onion – 1, chopped
Green chilies – 2, chopped
Curry leaves – a few sprigs
Bread crumbs – 1 cup
Egg – 1, beaten
Oil – for frying
Salt – to taste",10 minutes,15 minutes,25 minutes,,kerala,Snack,Vegetarian,"Sauté onions, green chilies, and curry leaves, then mix with boiled potato and prawns.
Shape the mixture into patties, dip in beaten egg, and coat with breadcrumbs.
Fry until golden and serve hot with chutney.
",
Sadhya Vada (Vada for Onam Sadhya),"Urad dal – 1 cup
Onion – 1, finely chopped
Green chilies – 2, chopped
Ginger – 1-inch piece, chopped
Curry leaves – a few sprigs
Salt – to taste
Oil – for frying",10 minutes,15 minutes,25 minutes,4,kerala,Snack,Vegetarian,"Soak urad dal for 2 hours, grind into a coarse batter.
Add chopped onions, green chilies, ginger, curry leaves, and salt.
Shape the batter into rings and deep fry until crispy and golden.
Serve with coconut chutney or sambar.",
 Kachori,"All-purpose flour – 1 cup
Moong dal – ½ cup, cooked
Onion – 1, chopped
Green chilies – 2, chopped
Ginger – 1-inch piece, chopped
Spices (cumin, coriander powder) – 1 tsp each
Salt – to taste
Oil – for frying",15 minutes,15 minutes,30 minutes,4,kerala,Snack,Vegetarian,"Prepare dough using all-purpose flour and salt.
Sauté onions, chilies, ginger, and spices, then mix with cooked moong dal.
Shape dough into small balls, stuff with filling, and fry until crispy.
Serve with chutney or yogurt.
",
Bread Upma,"Bread slices – 4, cut into pieces
Onion – 1, chopped
Green chilies – 2, chopped
Ginger – 1-inch piece, chopped
Curry leaves – a few sprigs
Mustard seeds – ½ tsp
Salt – to taste
Turmeric powder – ½ tsp
Oil – 1 tbsp
Water – ½ cup",10 minutes,15 minutes,25 minutes,4,kerala,Snack,Vegetarian,"Heat oil in a pan and splutter mustard seeds.
Sauté onions, green chilies, ginger, and curry leaves until soft.
Add turmeric powder and bread pieces. Stir well.
Add water, salt, and cook for a few minutes until the bread absorbs the moisture.
Serve hot as a snack.",
Bread Omelette,"Bread slices – 2
Eggs – 2
Onion – 1, chopped
Green chilies – 1, chopped
Tomato – 1, chopped
Salt – to taste
Pepper – to taste
Butter – for toasting
Coriander leaves – for garnish",10 minutes,15 minutes,25 minutes,4,kerala,Snack,Vegetarian,"Beat eggs with salt, pepper, chopped onions, tomatoes, and green chilies.
Heat butter in a pan and toast the bread slices lightly.
Pour the egg mixture over the bread slices, cook on both sides until golden.
Garnish with coriander leaves and serve hot.",
Bread Pakora,"Bread slices – 4
Potato – 2, boiled and mashed
Onion – 1, finely chopped
Green chilies – 2, chopped
Garam masala – 1 tsp
Salt – to taste
Gram flour (besan) – 1 cup
Water – as needed
Oil – for frying",10 minutes,10 minutes,20 minutes,4,kerala,Snack,Vegetarian,"Prepare the filling by mixing boiled potatoes, onions, green chilies, garam masala, and salt.
Stuff the bread slices with the potato filling and seal the edges.
Make a batter by mixing gram flour with water and a pinch of salt.
Dip the stuffed bread in the batter and deep fry until golden and crispy.
Serve hot with chutney or ketchup.",
Bread Cutlet,"Bread slices – 4, crust removed
Potato – 2, boiled and mashed
Carrot – 1, grated
Green peas – ½ cup
Onion – 1, finely chopped
Ginger-garlic paste – 1 tsp
Salt – to taste
Coriander powder – 1 tsp
Cumin powder – ½ tsp
Oil – for frying",10 minutes,10 minutes,20 minutes,4,kerala,Snack,Vegetarian,"Soak bread slices in water and squeeze out excess water.
Mix bread with mashed potatoes, grated carrot, green peas, onions, and spices.
Shape the mixture into small cutlets and fry in oil until golden.
Serve hot with chutney or ketchup.",
 Bread Roll,"Bread slices – 6
Potato – 2, boiled and mashed
Onion – 1, chopped
Green chilies – 2, chopped
Garam masala – 1 tsp
Coriander powder – 1 tsp
Salt – to taste
Fresh coriander leaves – chopped
Oil – for frying",10 minutes,15 minutes,25 minutes,4,kerala,Snack,Vegetarian,"Cut the bread slices into the edges and flatten them.
Prepare the filling by mixing boiled potatoes, onions, green chilies, spices, and fresh coriander.
Roll the bread slices with the filling inside and seal the edges.
Fry the rolls in hot oil until golden and crisp.
Serve hot with chutney or sauce.",
Bread Pudding (Kerala Style),"Bread slices – 4
Milk – 1 ½ cups
Sugar – ½ cup
Eggs – 2
Cardamom powder – ½ tsp
Raisins – 2 tbsp
Cashews – 2 tbsp
Ghee – 1 tbsp",10 minutes,20 minutes,30 minutes,4,kerala,Snack / Dessert,Vegetarian,"Tear bread slices into pieces and soak them in milk for 10 minutes.
Beat eggs with sugar, cardamom powder, and mix with soaked bread.
Add raisins and cashews to the mixture.
Pour into a greased baking dish, drizzle ghee on top, and bake for 20 minutes at 180°C.
Serve warm as a dessert or snack.",
Bread and Egg Bhurji,"Bread slices – 4, chopped
Eggs – 2
Onion – 1, chopped
Green chilies – 2, chopped
Tomato – 1, chopped
Salt – to taste
Pepper – to taste
Oil – 1 tbsp
Coriander leaves – for garnish",5 minutes,10 minutes,15 minutes,4,kerala,snack,Vegetarian,"Heat oil in a pan and sauté onions, green chilies, and tomatoes.
Scramble the eggs in the pan, add salt and pepper.
Add chopped bread pieces and mix everything together.
Cook for a few minutes until the bread becomes crispy.
Garnish with coriander leaves and serve hot.",
Kerala Style Toast,"Bread slices – 4
Eggs – 2
Milk – ½ cup
Sugar – 1 tbsp
Cinnamon powder – ½ tsp
Ghee – for frying",5 minutes,10 minutes,15 minutes,4,kerala,snack,Vegetarian,"Beat eggs with milk, sugar, and cinnamon powder.
Dip bread slices into the mixture and fry in ghee until golden.
Serve hot with honey or jam.",
Bread Masala,"Bread slices – 4, cut into cubes
Onion – 1, chopped
Tomatoes – 2, chopped
Green chilies – 2, chopped
Ginger-garlic paste – 1 tsp
Cumin powder – 1 tsp
Coriander powder – 1 tsp
Garam masala – ½ tsp
Oil – for frying
Salt – to taste",5 minutes,10 minutes,15 minutes,4,kerala,snack,Vegetarian,"Fry bread cubes in a little oil until crispy.
Sauté onions, tomatoes, green chilies, and ginger-garlic paste.
Add spices and mix well.
Add the fried bread cubes to the masala and cook for a few minutes.
Serve hot as a snack.",
Spicy Bread Rolls,"Bread slices – 6
Potato – 2, boiled and mashed
Onion – 1, chopped
Green chilies – 2, chopped
Chaat masala – 1 tsp
Cumin powder – ½ tsp
Salt – to taste
Oil – for frying",5 minutes,10 minutes,15 minutes,4,kerala,snack,Vegetarian,"Mix mashed potatoes, onions, green chilies, and spices.
Roll the mixture into small rolls and coat with breadcrumbs.
Fry the rolls in hot oil until golden.
Serve hot with tamarind chutney.",
Chicken Cutlet,"Chicken breast – 500g, boiled and shredded
Potato – 2, boiled and mashed
Onion – 1, finely chopped
Green chilies – 2, chopped
Ginger-garlic paste – 1 tsp
Garam masala – 1 tsp
Bread crumbs – 1 cup
Egg – 1, beaten
Oil – for frying
Salt – to taste",10 minutes,15 minutes,25 minutesw,4,kerala,Snack / Dessert,Non-Vegetarian,"Mix boiled chicken, mashed potatoes, chopped onions, green chilies, ginger-garlic paste, and spices.
Shape the mixture into small cutlets and dip in beaten egg, then coat with breadcrumbs.
Heat oil in a pan and fry the cutlets until golden brown.
Serve hot with chutney or ketchup.",
Malabar Fish Fry,"Fish fillets (kingfish or any firm fish) – 4
Red chili powder – 1 tsp
Turmeric powder – ½ tsp
Ginger-garlic paste – 1 tsp
Lemon juice – 2 tbsp
Curry leaves – 1 sprig
Salt – to taste
Oil – for frying",10 minutes,15 minutes,25 minutes,4,kerala,Snack ,Non-Vegetarian,"Marinate the fish fillets with red chili powder, turmeric powder, ginger-garlic paste, lemon juice, curry leaves, and salt for 15 minutes.
Heat oil in a pan and fry the fish fillets on both sides until golden and crispy.
Serve hot with a side of lemon wedges.",
 Chicken Shawarma (Kerala Style),"Chicken thighs – 500g, boneless
Yogurt – ¼ cup
Lemon juice – 2 tbsp
Garlic – 4 cloves, minced
Garam masala – 1 tsp
Cumin powder – ½ tsp
Red chili powder – 1 tsp
Salt – to taste
Oil – for grilling
Pita bread – for serving",10 minutes,15 minutes,25 minutes,4,kerala,Snack ,Non-Vegetarian,"Marinate the chicken with yogurt, lemon juice, garlic, spices, and salt for 30 minutes.
Grill the chicken on medium heat for 15-20 minutes or until fully cooked.
Serve the grilled chicken in pita bread with garlic sauce and vegetables.",
 Kerala Style Fish Cutlet,"Fish fillets (any firm fish) – 300g
Potato – 2, boiled and mashed
Onion – 1, finely chopped
Green chilies – 2, chopped
Ginger-garlic paste – 1 tsp
Curry leaves – a few sprigs
Bread crumbs – for coating
Egg – 1, beaten
Salt – to taste
Oil – for frying",15 minutes,15 minutes,30 minutes,4,kerala,Snack ,Non-Vegetarian,"Boil the fish and mash it together with boiled potatoes.
Sauté onions, green chilies, and curry leaves, then add to the fish mixture.
Shape the mixture into cutlets, dip in beaten egg, and coat with breadcrumbs.
Fry in hot oil until golden brown.
Serve hot with chutney or ketchup.",
 Mutton Shami Kebab,"Mutton – 300g, minced
Split chickpeas (chana dal) – ¼ cup
Onion – 1, finely chopped
Green chilies – 2, chopped
Ginger-garlic paste – 1 tsp
Garam masala – 1 tsp
Fresh coriander leaves – chopped
Egg – 1, beaten
Oil – for frying
Salt – to taste",10 minutes,25 minutes,35 minutes,4,kerala,Snack ,Non-Vegetarian,"Boil the minced mutton and chana dal with ginger-garlic paste until soft.
Grind the mixture into a smooth paste and mix with onions, green chilies, garam masala, and coriander leaves.
Shape the mixture into small kebabs and dip in beaten egg.
Fry the kebabs in hot oil until crispy and golden.
Serve hot with mint chutney.",
 Kerala Style Chicken 65,"Chicken – 500g, boneless
Red chili powder – 1 tsp
Ginger-garlic paste – 1 tsp
Curry leaves – 1 sprig
Cornflour – 2 tbsp
Rice flour – 1 tbsp
Lemon juice – 1 tbsp
Salt – to taste
Oil – for frying",10 minutes,15 minutes,25 minutes,4,kerala,Snack ,Non-Vegetarian,"Marinate chicken with red chili powder, ginger-garlic paste, salt, and lemon juice for 30 minutes.
Coat chicken pieces with cornflour, rice flour, and fry them in hot oil until crispy.
Garnish with curry leaves and serve hot.",
Mutta Surka (Egg Bonda),"Eggs – 4, boiled
Onion – 1, finely chopped
Green chilies – 2, chopped
Ginger-garlic paste – 1 tsp
Chana flour (Besan) – 1 cup
Rice flour – 2 tbsp
Salt – to taste
Oil – for frying",10 minutes,15 minutes,25 minutes,4,kerala,Snack ,Non-Vegetarian,"Peel and cut the boiled eggs in half.
Mix besan, rice flour, onions, green chilies, ginger-garlic paste, and salt to form a thick batter.
Dip each egg half into the batter and deep fry until golden brown.
Serve hot with chutney.",
Keralan Style Prawn Masala Balls (Kulukki Prawns),"Prawns – 250g, cleaned
Onion – 1, finely chopped
Green chilies – 2, chopped
Ginger-garlic paste – 1 tsp
Garam masala – 1 tsp
Rice flour – 2 tbsp
Salt – to taste
Oil – for frying",10 minutes,15 minutes,25 minutes,4,kerala,Snack ,Non-Vegetarian,"Mince the prawns finely and mix with onions, green chilies, ginger-garlic paste, garam masala, and salt.
Add rice flour and form small balls.
Deep fry the balls until golden and crispy.
Serve hot with a tangy dip.",
Vegetable Samosa,"Potatoes – 2, boiled and mashed
Carrot – 1, grated
Green peas – ½ cup
Onion – 1, chopped
Green chilies – 2, chopped
Garam masala – 1 tsp
Maida (All-purpose flour) – 1 cup
Salt – to taste
Oil – for frying",10 minutes,20 minutes,30 minutes,4,kerala,Snack ,Vegetarian,"Sauté onions, green chilies, and grated carrots in a pan.
Add mashed potatoes, peas, garam masala, and salt to the pan and cook for a few minutes.
Prepare the dough with maida and water, then shape into small pockets.
Stuff the pockets with the filling and deep fry until golden brown.
Serve hot with tamarind chutney.",
Kerala Style Fish Bites,"Fish fillets (any firm fish) – 300g
Red chili powder – 1 tsp
Ginger-garlic paste – 1 tsp
Curry leaves – 1 sprig
Rice flour – 2 tbsp
Salt – to taste
Oil – for frying",10 minutes,15 minutes,25 minutes,4,kerala,Snack ,Non-Vegetarian,"Marinate the fish fillets with chili powder, ginger-garlic paste, curry leaves, and salt for 10 minutes.
Coat the fish with rice flour and deep fry until crispy.
Serve hot with a side of coconut chutney.
",
Chana Chaat (Chickpea Salad),"Boiled chickpeas – 1 cup
Onion – 1, chopped
Tomato – 1, chopped
Green chilies – 2, chopped
Lemon juice – 2 tbsp
Chaat masala – 1 tsp
Salt – to taste
Coriander leaves – chopped",10 minutes,0 minutes,10 minutes,4,kerala,Snack,Vegetarian,"In a bowl, combine boiled chickpeas, onions, tomatoes, green chilies, and coriander leaves.
Add lemon juice, chaat masala, and salt.
Mix well and serve immediately.",
Kerala Style Beef Ularthiyathu (Beef Roast),"Beef – 500g, cubed
Onion – 1, sliced
Ginger-garlic paste – 1 tbsp
Green chilies – 2, chopped
Curry leaves – 1 sprig
Garam masala – 1 tsp
Turmeric powder – ½ tsp
Salt – to taste
Oil – for cooking",10 minutes,30 minutes,40 minutes,4,kerala,Snack ,Non-Vegetarian,"Sauté onions, green chilies, and curry leaves in oil.
Add ginger-garlic paste, beef cubes, and spices.
Cook until the beef is tender and the oil separates.
Serve hot as a snack with parotta or bread.
",
Kabsa Chicken,"Basmati rice – 2 cups
Chicken – 500g, cut into pieces
Onion – 2, finely chopped
Tomato – 2, chopped
Garlic – 3 cloves, minced
Green chilies – 2, chopped
Ground cinnamon – 1 tsp
Ground cloves – ½ tsp
Ground cumin – 1 tsp
Ground coriander – 1 tsp
Ground black pepper – ½ tsp
Turmeric powder – ½ tsp
Bay leaves – 2
Raisins – 2 tbsp
Almonds – 2 tbsp, roasted
Ghee or oil – 3 tbsp
Salt – to taste
Water – 4 cups",10 minutes,50 minutes,60 minutes,4,kerala,Main course,Non-Vegetarian,"Heat ghee or oil in a large pot. Add the chopped onions and sauté until golden.
Add the garlic, green chilies, and chopped tomatoes. Cook for 5 minutes until soft.
Add the chicken pieces, followed by cinnamon, cloves, cumin, coriander, black pepper, turmeric, and salt. Cook until the chicken is browned.
Add water and bring to a boil. Once boiling, add the rice, bay leaves, and raisins. Reduce the heat, cover, and simmer for about 20-25 minutes or until the rice is cooked and the chicken is tender.
Garnish with roasted almonds and serve hot with a side of yogurt or salad.
",
Mandi Chicken,"Basmati rice – 2 cups
Chicken – 500g, whole or cut into pieces
Onion – 2, chopped
Tomato – 2, chopped
Garlic – 4 cloves, minced
Ground cumin – 1 tsp
Ground cinnamon – 1 tsp
Ground coriander – 1 tsp
Ground black pepper – ½ tsp
Ground turmeric – ½ tsp
Bay leaves – 2
Chicken broth – 4 cups
Almonds – for garnish
Raisins – for garnish
Ghee or oil – 2 tbsp",10 minutes,40 minutes,50 minutes,4,kerala,Main course,Non-Vegetarian,"Heat oil in a large pot and sauté the onions and garlic until golden.
Add the chicken pieces and brown them. Add tomatoes, cumin, coriander, cinnamon, black pepper, turmeric, and bay leaves. Cook for a few minutes.
Add rice and chicken broth, cover, and cook for 20 minutes until the rice is tender.
Garnish with roasted almonds, raisins, and serve hot.",
Fattoush Salad,"Romaine lettuce – 1 head, chopped
Cucumber – 1, chopped
Tomato – 1, chopped
Red onion – ½, thinly sliced
Radishes – 4, thinly sliced
Pita bread – 2, toasted and broken into pieces
Olive oil – 3 tbsp
Lemon juice – 2 tbsp
Ground sumac – 1 tsp
Salt – to taste
Fresh parsley – chopped",10 minutes,0 minutes,10 minutes,4,kerala,Salad,Vegetarian,"Combine lettuce, cucumber, tomato, onion, radishes, and parsley in a large bowl.
Toss with olive oil, lemon juice, sumac, and salt.
Add the toasted pita bread pieces and mix well before serving.
",
